Platform,Total Reviews
Google Maps,7447112
Google,5773272
Reviews,2946114
TripAdvisor,2202436
App,1165944
Google Reviews,1146317
Tripadvisor,1076407
App Reviews,945188
Facebook,904118
Trustpilot,723429
Dianping,636812
App Store,323146
Avis Vérifiés,286556
Foodpanda,262317
Play Store,250705
PagesJaunes,217115
Web,193516
ReviewNaija,118177
Google Play,103176
Built-in,96110
Daraz,71375
Yelp,63446
Michelin,53718
Broker Reviews,49676
Amazon,47655
App Stores,34690
YouTube,33796
Stack Overflow,32106
Spotify,30471
Amazon-style,26632
Noon,26458
BrokerChooser,21306
Reddit,19973
Yahoo,14852
Foro,11924
Quora,10934
Academic,9535
Fórum,9245
Sortlist,7536
Michelin Asia,3902
Hepsiburada,3227
Stack Exchange,3045
Forums,3029
Tokopedia,2570
Noon-style,1899
Shopee,1853
Trustpilot.de,1803
Trendyol,1733
La Liste,1589
OpenTable,1577
Trustpilot.ca,1319
Tripadvisor (cruise-based),1065
Trustpilot.es,898
AskMe,839
Trustpilot.it,475
