Region,Platform,Total Reviews
Africa,Google Maps,2315785
Africa,Reviews,1019971
Africa,Google,475970
Africa,Tripadvisor,364181
Africa,TripAdvisor,325073
Africa,App,124967
Africa,ReviewNaija,118177
Africa,App Reviews,78819
Africa,Google Play,62864
Africa,Broker Reviews,47862
Africa,Web,27946
Africa,BrokerChooser,21306
Africa,Built-in,18951
Africa,App Store,12206
Africa,Academic,9333
Africa,Facebook,5773
Africa,YouTube,3599
Africa,Stack Exchange,3045
Africa,OpenTable,1577
Africa,Stack Overflow,909
Africa,Forums,474
Africa,Google Reviews,419
Africa,Reddit,337
Africa,Quora,107
America,Google,3576687
America,Google Maps,1718926
America,Google Reviews,640177
America,TripAdvisor,442737
America,App Reviews,388876
America,App,289687
America,Tripadvisor,180572
America,Web,61732
America,App Stores,34690
America,Stack Overflow,31197
America,Amazon-style,26161
America,Reddit,19493
America,YouTube,15286
America,Yahoo,14309
America,Foro,11924
America,Quora,10827
America,Fórum,9245
America,Spotify,9164
America,Trustpilot,5512
America,Trustpilot.ca,1319
America,Google Play,1079
America,Yelp,900
America,App Store,861
Asia,Reviews,1676277
Asia,Google Maps,1318527
Asia,Google,733410
Asia,TripAdvisor,719561
Asia,Dianping,636812
Asia,Facebook,628681
Asia,App Reviews,407435
Asia,Foodpanda,262317
Asia,Play Store,156691
Asia,App Store,155125
Asia,Trustpilot,124838
Asia,App,72045
Asia,Daraz,71375
Asia,Tripadvisor,66002
Asia,Built-in,16281
Asia,Web,9974
Asia,Google Play,8273
Asia,Tokopedia,2570
Asia,Forums,2555
Asia,Shopee,1853
Asia,Broker Reviews,1814
Asia,AskMe,839
Asia,Yahoo,543
Asia,Reddit,143
Europe,Google Maps,692470
Europe,Trustpilot,545424
Europe,Google Reviews,505721
Europe,App,448522
Europe,TripAdvisor,412577
Europe,Google,345043
Europe,Avis Vérifiés,286556
Europe,PagesJaunes,217115
Europe,Tripadvisor,158087
Europe,Facebook,100015
Europe,Yelp,62546
Europe,App Store,58160
Europe,Michelin,53718
Europe,Built-in,51743
Europe,Amazon,47655
Europe,Web,34858
Europe,Play Store,27585
Europe,Spotify,21307
Europe,YouTube,14911
Europe,Google Play,11237
Europe,Sortlist,7536
Europe,Michelin Asia,3902
Europe,Trustpilot.de,1803
Europe,La Liste,1589
Europe,Trustpilot.es,898
Europe,Trustpilot.it,475
Europe,Amazon-style,471
Middle East,Google Maps,1038003
Middle East,Google,642162
Middle East,Tripadvisor,307565
Middle East,App,230723
Middle East,Facebook,169649
Middle East,TripAdvisor,131491
Middle East,App Store,96794
Middle East,Play Store,66429
Middle East,Web,59006
Middle East,Trustpilot,47655
Middle East,Noon,26458
Middle East,Google Play,19723
Middle East,Built-in,9135
Middle East,Hepsiburada,3227
Middle East,Noon-style,1899
Middle East,Trendyol,1733
Middle East,Tripadvisor (cruise-based),1065
Middle East,Academic,202
Russia,Google Maps,363401
Russia,Reviews,249866
Russia,TripAdvisor,170997
Russia,App Reviews,70058
